timestamp,open,high,low,close,volume
2026-09-10,250.11,253.15,249.58,251.89,25484814
2026-09-11,254.09,257.59,253.14,256.78,26724121
2026-09-14,253.15,255.95,250.74,253.54,34352766
2026-09-15,252.24,253.27,247.22,248.42,36275442
2026-09-16,248.1,249.26,244.3,245.96,33488488
2026-09-17,251.065,252.73,249.24,251.19,30438790
2026-09-18,252.92,255.43,251.88,253.71,52274713
2026-09-21,256.4,259.49,253.6,258.45,42979407
2026-09-22,255.11,259.0,253.78,254.98,41982569
2026-09-23,253.0,253.99,247.76,249.27,44209157
2026-09-24,246.02,250.43,245.6,249.38,33040052
